Config,Threads,Time
E,1,0.231002
E,2,0.221152
E,4,0.123602
E,8,0.089742
E,16,0.108284
