Case,Time
a,0.017786
b,0.097926
c,0.084940
d,0.475643
e,0.347222